综合排名,剧名,平台,形态,题材,金手指一句话,趋势,上线时间,数据来源
1,糯糯下山，师兄们都慌了,红果、抖音,AI漫剧,萌宝,6岁小师妹背铁剑下山找五个师兄，师兄个个是隐藏的顶级大佬,长青,第一季2026-08-27；第二季09-05；第三季09-16,塔猴《2026年9月红果三大榜单TOP20》2026-09-08；短剧工程·红果热播周榜 2026-09-21
2,发配边关，罪妻开荒养出战神,抖音、红果,AI漫剧,古装,被发配边关的罪妻带着一家开荒种田，把夫君养成战神,长青,2026-06(待核实),DataEye《6月AI剧/漫剧百强榜》抖音端原生榜，澎湃2026-07 https://m.thepaper.cn/newsDetail_forward_33531893；DataEye《2026上半年AI剧漫剧百强榜》抖音端，澎湃2026-07 https://m.thepaper.cn/newsDetail_forward_33588420；塔猴转DataEye《6月快手&抖音短剧周榜》抖音TOP30(6月某周，具体周次原文未写)，2026-06 https://www.tahou.com/article/209247058000738309
3,八零，杀猪辣媳宠上天,快手、抖音,AI仿真人,年代,年代重生，杀猪辣媳靠手艺翻身被宠(据剧名推断),,2026-06,塔猴《6月快手&抖音最新短剧周榜》(引DataEye周榜) 2026-06-17
4,万妖图录传,红果,AI漫剧,修仙玄幻,魂穿罪臣孤女绑定“万妖图录”，斩妖即可收其修为与神通,长青,系列2025年起；第十二季2026-09,DataEye 8月红果AI剧漫剧百强榜(澎湃转载 2026-09-07)；塔猴《2026年9月红果三大榜单TOP20》2026-09-08；腾讯新闻《拐点已至：AI漫剧流量超车》2026-07-18；搜狐/腾讯《万妖图录传》报道 2026-07-16
5,谁说纨绔不能当状元,抖音、红果,AI漫剧,古装,文科博士穿越成古代纨绔世子，靠现代学识考科举逆袭,长青,2026-08-14(据S12上架日),DataEye《8月AI剧漫剧百强榜》抖音端原生榜，澎湃2026-09 https://m.thepaper.cn/newsDetail_forward_34022517；DataEye 8月抖音AI剧漫剧百强TOP8解读，腾讯新闻2026-09-09 https://news.qq.com/rain/a/20260909A0EXX400；短剧工程日榜2026-09-20/09-25(站方称依据抖音官方榜单数据，但页面标题为“红果短剧热播榜”，口径待核实) https://www.duanjugongcheng.com/cn/bangdan/2026-09-20
6,咱家剑宗团宠小师妹,红果,AI漫剧,修仙玄幻,萌娃小师妹被整个剑宗护短宠爱，甜爽仙侠,长青,第五季2026-08-20,DataEye 8月红果AI剧漫剧百强榜(澎湃转载 2026-09-07)；塔猴《2026年9月红果三大榜单TOP20》2026-09-08；短剧工程·红果热播周榜 2026-09-21
7,包子里的真心,抖音,AI仿真人,都市逆袭/职场,坚持真材实料的包子摊主对抗用劣质馅料的对手，良心取胜,,2026-08(待核实),DataEye《8月AI剧漫剧百强榜》抖音端原生榜，澎湃2026-09 https://m.thepaper.cn/newsDetail_forward_34022517；DataEye 8月抖音AI剧漫剧百强TOP8解读，腾讯新闻2026-09-09 https://news.qq.com/rain/a/20260909A0EXX400
8,财神天降，送我上青云,抖音,AI仿真人,都市逆袭/职场,财神转世成未出生的女儿，在娘胎里用心声指点被豪门嫌弃的母亲炒股、竞拍，母女逆袭成新首富,,2026上半年(待核实),DataEye《2026上半年AI剧漫剧百强榜》抖音端，澎湃2026-07 https://m.thepaper.cn/newsDetail_forward_33588420
9,我三分球十投十中,快手、抖音,真人,都市逆袭/职场,"球队替补激活""三分球百分百命中""系统，靠绝杀逆转打脸",,2026-06(待核实),快手内容消费中心7月分账报告(娱乐硬糖转述) 2026-08-14；塔猴《6月快手&抖音最新短剧周榜》(引DataEye周榜) 2026-06-17；买购网《2026年快手十大热播短剧》综合指数 访问2026-09-26
10,金钱照冷暖,抖音,AI仿真人,家庭伦理,据剧名推断：有钱没钱照出亲友冷暖，家庭伦理打脸(待核实),,2026-06(待核实),DataEye《6月AI剧/漫剧百强榜》抖音端原生榜，澎湃2026-07 https://m.thepaper.cn/newsDetail_forward_33531893；塔猴转DataEye《6月快手&抖音短剧周榜》抖音TOP30(6月某周，具体周次原文未写)，2026-06 https://www.tahou.com/article/209247058000738309
11,庄园保姆，成了全家白月光！,红果、快手,真人,家庭伦理,保姆进豪门，靠本事和真心成为全家依赖的人(据剧名与报道概括),昙花一现,2026-08-04,短剧工程·红果热播周榜 2026-08-17；DataENT数娱短剧日榜(腾讯新闻 2026-08-11)
12,换亲成宠,抖音,AI仿真人,年代,“换亲”强设定：被换亲嫁错人，反被对方宠上天，情感救赎,,2026-05(待核实),DataEye《5月AI剧/漫剧百强榜》抖音端原生榜，澎湃2026-06 https://m.thepaper.cn/newsDetail_forward_33335582
13,从此朵朵花开,抖音,AI仿真人,家庭伦理,待核实(原文未给剧情),,2026-05(待核实),DataEye《5月AI剧/漫剧百强榜》抖音端原生榜，澎湃2026-06 https://m.thepaper.cn/newsDetail_forward_33335582
14,爷爷不请七遍不动筷,抖音,AI仿真人,家庭伦理,讲排场的爷爷不请七遍不上桌，家庭饭桌伦理冲突,,2026-07(待核实),DataEye《7月AI剧漫剧百强榜》抖音端原生榜，澎湃2026-08 https://www.thepaper.cn/newsDetail_forward_33750460；DataEye《8月AI剧漫剧百强榜》抖音端原生榜，澎湃2026-09 https://m.thepaper.cn/newsDetail_forward_34022517；塔猴《7月AI短剧周榜》抖音集团端原生AI短剧TOP50(2026-07-13至07-19)，2026-07 https://www.tahou.com/article/212394275698391045
15,渔乡守真心,抖音,AI漫剧,乡村种田,渔村题材，据剧名推断：守着渔乡靠赶海捕鱼过好日子(待核实),,2026-06(待核实),DataEye《6月AI剧/漫剧百强榜》抖音端原生榜，澎湃2026-07 https://m.thepaper.cn/newsDetail_forward_33531893；DataEye《2026上半年AI剧漫剧百强榜》抖音端，澎湃2026-07 https://m.thepaper.cn/newsDetail_forward_33588420
16,我的订婚宴上，闯进来两个要饭的,抖音,AI仿真人,家庭伦理,订婚宴上闯来两个“乞丐”，实为隐藏身份的至亲，当场反转,,2026-07(待核实),DataEye《7月AI剧漫剧百强榜》抖音端原生榜，澎湃2026-08 https://www.thepaper.cn/newsDetail_forward_33750460；塔猴《7月AI短剧周榜》抖音集团端原生AI短剧TOP50(2026-07-13至07-19)，2026-07 https://www.tahou.com/article/212394275698391045
17,我年终奖80w降到1w9，领导却慌了,抖音,AI漫剧,都市逆袭/职场,被逼辞职的员工拿出证据戳穿前东家栽赃，反转打脸领导,,2026-08(待核实),DataEye《8月AI剧漫剧百强榜》抖音端原生榜，澎湃2026-09 https://m.thepaper.cn/newsDetail_forward_34022517；DataEye 8月抖音AI剧漫剧百强TOP8解读，腾讯新闻2026-09-09 https://news.qq.com/rain/a/20260909A0EXX400
18,离婚后，爸妈带我走上巅峰,腾讯/小程序、抖音,真人,家庭伦理,主角离婚后与父母一起翻身逆袭（据剧名推断，待核实）,,2026-05-04,S24 DataEye上半年真人报告 2026-07；S25 2026-06-10
19,保姆心声，陆家保命指南,抖音,AI漫剧,都市逆袭/职场,读心/心声设定：保姆的心声被豪门陆家听见，靠心声避祸保命,,2026-07(待核实),DataEye《7月AI剧漫剧百强榜》抖音端原生榜，澎湃2026-08 https://www.thepaper.cn/newsDetail_forward_33750460；塔猴《2026年7月抖音&快手短剧TOP10》抖音热播榜，2026-08 https://www.tahou.com/article/212865969823100933
20,少夫人来自东北,红果,真人,爱情/情感,东北直球女孩和南洋贵公子契约假婚，弄假成真,长青,2026-03,网易号《给2026年最好的短剧排名》2026-03-25
21,十八岁太奶奶驾到，重整家族荣耀第4部,红果,真人,家庭伦理,少女身体装着百岁太奶奶的灵魂，回家整顿败家子孙,长青,2026-03,网易号《给2026年最好的短剧排名》2026-03-25；中新网 2026-05-20 等报道(搜索摘要转引，原文待核实)
22,台风天收生蚝，他们却说我黑心,抖音,AI漫剧,乡村种田,台风天冒险收生蚝反被乡邻骂黑心，后续反转证明自己,,2026-07(待核实),DataEye《7月AI剧漫剧百强榜》抖音端原生榜，澎湃2026-08 https://www.thepaper.cn/newsDetail_forward_33750460；塔猴《7月AI短剧周榜》抖音集团端原生AI短剧TOP50(2026-07-13至07-19)，2026-07 https://www.tahou.com/article/212394275698391045
23,天灾囤货录，善恶见人心,抖音,AI漫剧,末世囤货,重生者拥有超级存储空间提前囤货，对抗觊觎物资的恶人,,2026-08(待核实),DataEye 8月抖音AI剧漫剧百强TOP8解读，腾讯新闻2026-09-09 https://news.qq.com/rain/a/20260909A0EXX400
24,勇敢后妈，专治不服,红果、抖音,真人,家庭伦理,爱打抱不平的女主遇上带着受创女儿相亲的男主，当后妈整治熊家,越播越涨,2026-07-07,短剧工程·红果热播周榜 2026-07-20
25,1977山猎重生，我以余生偿前错,抖音,AI漫剧,年代,浪子重生回1977年靠赶山打猎赎罪、弥补家人,,2026-08(待核实),DataEye《8月AI剧漫剧百强榜》抖音端原生榜，澎湃2026-09 https://m.thepaper.cn/newsDetail_forward_34022517；DataEye 8月抖音AI剧漫剧百强TOP8解读，腾讯新闻2026-09-09 https://news.qq.com/rain/a/20260909A0EXX400
26,大将军扛楼养活百万大军,抖音,AI漫剧,古装,据剧名推断：将军携“楼”(空间类)物资供养大军(待核实),长青,2026-08(待核实),DataEye《8月AI剧漫剧百强榜》抖音端原生榜，澎湃2026-09 https://m.thepaper.cn/newsDetail_forward_34022517
27,昼以继夜,红果,真人,都市逆袭/职场,三位独立女性的职场成长与情感救赎,越播越涨、长青,2026-03,网易号《给2026年最好的短剧排名》2026-03-25；短剧工程·红果热播周榜 2026-07-20
28,繁华落尽,腾讯/小程序,真人,悬疑/无限流,架空港式江湖背景的犯罪悬疑复仇,,2026-01底/02初,S1 2026-07-06；S5 2026-03-05
29,谁让这个文盲修仙的,红果,AI漫剧,修仙玄幻,文盲穿越者看图练功，把正派功法倒着练成魔功,长青,第三季2026-09(待核实),塔猴《2026年9月红果三大榜单TOP20》2026-09-08
30,我叫赵甲第 第二季,腾讯/小程序,真人,都市逆袭/职场,草根男主一路商战上位,长青,2025-04,S1 2026-07-06；S2 2026-04-21
31,聚宝仙盆之杂灵根才是真BOSS,红果,AI漫剧,修仙玄幻,杂灵根废柴靠聚宝仙盆逆天,长青,第五/六季2026-06前后,塔猴《2026年7月红果三大榜单TOP20》2026-07-03；塔猴《2026红果总榜TOP30》2026-07-13
32,苏太太高调离婚了,快手、抖音,真人,复仇打脸,女主高调离婚反击(据剧名),周榜长线,2026-06前,塔猴《6月快手&抖音最新短剧周榜》(引DataEye周榜) 2026-06-17
33,贤婿,腾讯/小程序,真人,古装,现代人穿越成赘婿，靠见识翻身,,2025-07,S1 2026-07-06；S3 2026-05-25
34,荣华令,腾讯/小程序,真人,古装,古装宅斗，女主步步反制,,2026-01,S1 2026-07-06；S6
35,收租老汉,抖音,AI漫剧,都市逆袭/职场,据剧名推断：看似普通的收租老汉实为隐藏大佬(待核实),长青,2026-08(待核实),DataEye《8月AI剧漫剧百强榜》抖音端原生榜，澎湃2026-09 https://m.thepaper.cn/newsDetail_forward_34022517
36,锦绣宅心,腾讯/小程序,真人,古装,古装宅门（待核实）,,2026Q1前,S2 2026-04-21
37,废物垫底皇子，反倒成为千古一帝,红果,AI漫剧,古装,穿成垫底废物皇子，绑定系统逆袭为千古一帝,越播越涨、长青,第一季2026-09-01；第二季09-17,塔猴《2026年9月红果三大榜单TOP20》2026-09-08；短剧工程·红果热播周榜 2026-09-21
38,二龙湖·“村”暖花开2,腾讯/小程序,真人,都市逆袭/职场,东北乡村喜剧，靠笑点,长青,2026上半年前,S1 2026-07-06
39,垃圾桶里的寻人启事,抖音,AI漫剧,家庭伦理,被养父母虐待的女孩在垃圾桶边捡到寻人启事，与亲生父亲相认,,2026-08(待核实),DataEye《8月AI剧漫剧百强榜》抖音端原生榜，澎湃2026-09 https://m.thepaper.cn/newsDetail_forward_34022517；DataEye 8月抖音AI剧漫剧百强TOP8解读，腾讯新闻2026-09-09 https://news.qq.com/rain/a/20260909A0EXX400
40,都重生了，谁还装富二代啊,红果,AI漫剧,古装,重生回校园的大男主，不再伪装富二代直接逆袭,长青,待核实(2026-06前后),腾讯新闻《拐点已至：AI漫剧流量超车》2026-07-18；塔猴《2026年9月红果三大榜单TOP20》2026-09-08；塔猴《2026年7月红果三大榜单TOP20》2026-07-03
41,Came Back Hotter With Lord's Twins（带着领主的双胞胎火辣归来）,出海,AI仿真人,西幻狼人/兽世,"带屠龙者血脉的女主是唯一能压住被诅咒领主身上烈火的人,一夜带球跑,五年后褪去胎记换了容貌回来抢女儿",,待核实(8月起连续霸榜),"DataEye 2026年8月海外短剧百强榜(统计8/1-8/31),白鲸出海转载 2026-09-08 baijing.cn/article/56622；DataEye周报8/10-8/16,白鲸出海 2026-08-19 /article/56410；DataEye周报8/24-8/30,白鲸出海 2026-09-04 /article/56590；DataEye周报8/31-9/6,白鲸出海 2026-09-14 /article/56680；DataEye周报9/7-9/13,白鲸出海 2026-09-20 /article/56760；DataEye 2026年8月海外AI剧百强榜(素材量),同上 2026-09-08；剧情据平台官网/剧集页检索 2026-09-26"
42,移巢,红果,真人,爱情/情感,都市爱情，靠情感拉扯(剧情细节待核实),昙花一现,2026-08-07,短剧工程·红果热播周榜 2026-08-17；DataENT数娱短剧日榜(腾讯新闻 2026-08-11)
43,夜夜倾心,红果,真人,爱情/情感,双强病娇拉扯双向救赎,昙花一现,2026-07-11,短剧工程·红果热播周榜 2026-07-20；短剧工程·红果热播周榜 2026-08-17
44,占院风波,抖音,AI(形态未明),都市逆袭/职场,民宿小院被邻居强占，主角走法律途径维权,,2026-08(待核实),DataEye 8月抖音AI剧漫剧百强TOP8解读，腾讯新闻2026-09-09 https://news.qq.com/rain/a/20260909A0EXX400
45,Think Again! I'm the Hidden Boss Mom（再想想！我是隐藏的大佬妈妈）,出海,真人,都市逆袭/职场,"带儿子转学被家长羞辱、诬陷霸凌,母亲其实是暗中资助这所学校的神秘富豪",,≤2026-06(已进上半年百强),"DataEye 2026年8月海外短剧百强榜(统计8/1-8/31),白鲸出海转载 2026-09-08 baijing.cn/article/56622；DataEye 2026年6月海外短剧百强榜,白鲸出海 2026-07-06 baijing.cn/article/55890；DataEye 2026上半年海外短剧百强榜(1/1-6/30累计),白鲸出海 2026-07-15 baijing.cn/article/56006；DataEye周报8/3-8/9,白鲸出海 2026-08-13 /article/56347；DataEye周报7/27-8/2,白鲸出海 2026-08-10 /article/56299；DataEye周报8/10-8/16,白鲸出海 2026-08-19 /article/56410；DataEye周报8/17-8/23,白鲸出海 2026-09-02 /article/56556"
46,先帝将我赐婚将军，他当众降我为妾,抖音,AI漫剧,古装,被赐婚后遭将军当众贬为妾，女主反击(据剧名),,2026-08(待核实),DataEye《8月AI剧漫剧百强榜》抖音端原生榜，澎湃2026-09 https://m.thepaper.cn/newsDetail_forward_34022517
47,辣媳当家,快手,真人,家庭伦理,"改嫁的泼辣儿媳硬刚极品婆家护住孩子和家，靠嘴硬手快的""辣""性格爽",,2026(待核实),快手内容消费中心7月分账报告(娱乐硬糖转述) 2026-08-14；买购网《2026年快手十大热播短剧》综合指数 访问2026-09-26
48,"False Weakling, True Power（真强者假废物）",出海,AI仿真人,西幻狼人/兽世,"被全帝国嘲笑的纨绔废物其实是隐藏的神级法师,借公主比武招亲逐步掉马",,≤2026-06(6月榜已上),"DataEye 2026年8月海外短剧百强榜(统计8/1-8/31),白鲸出海转载 2026-09-08 baijing.cn/article/56622；DataEye 2026年6月海外短剧百强榜,白鲸出海 2026-07-06 baijing.cn/article/55890；DataEye周报8/24-8/30,白鲸出海 2026-09-04 /article/56590；DataEye周报8/31-9/6,白鲸出海 2026-09-14 /article/56680；DataEye周报9/7-9/13,白鲸出海 2026-09-20 /article/56760；DataEye 2026年8月海外AI剧百强榜(素材量),同上 2026-09-08；剧情据平台官网/剧集页检索 2026-09-26"
49,重生！丑小鸭逆袭成了万人迷,红果,AI漫剧,复仇打脸,重生后丑小鸭变万人迷，逆袭打脸,长青,第一季2026-09-07；第二季09-18,短剧工程·红果热播周榜 2026-09-21
50,娇藏京枝,红果,待核实,爱情/情感,据剧名：京圈豪门“藏娇”式甜宠,昙花一现,2026-08-06,短剧工程·红果热播周榜 2026-08-17
51,以爱为家第三季,红果,真人,家庭伦理,抱错孩子后认亲、重组家庭,长青、周榜长线,2026-08-11,短剧工程·红果热播周榜 2026-08-17
52,绝世小仙医,快手,待核实,修仙玄幻,下山仙医靠医术+修为横扫(据剧名推断),,2026-06,塔猴《6月快手&抖音最新短剧周榜》(引DataEye周榜) 2026-06-17
53,"後座風暴（英文名待核实,直译 Backseat Storm）",出海,AI仿真人,爱情/情感,剧情待核实；DataEye仅给出情感、都市标签,,待核实(6月百强第100已出现),"DataEye 2026年8月海外短剧百强榜(统计8/1-8/31),白鲸出海转载 2026-09-08 baijing.cn/article/56622；DataEye 2026年6月海外短剧百强榜,白鲸出海 2026-07-06 baijing.cn/article/55890；DataEye周报8/17-8/23,白鲸出海 2026-09-02 /article/56556；DataEye周报8/24-8/30,白鲸出海 2026-09-04 /article/56590；DataEye周报8/31-9/6,白鲸出海 2026-09-14 /article/56680；DataEye 2026年8月海外AI剧百强榜(素材量),同上 2026-09-08"
54,彼岸灯塔,腾讯/小程序,真人,都市逆袭/职场,关注自我拯救的现实题材,长青,2025,S2 2026-04-21
55,The Hidden Queen: My Husband's Mistress Ruined My Empire（隐藏女王：丈夫的情妇毁了我的帝国）,出海,AI仿真人,复仇打脸,"隐藏的豪门千金一手把丈夫捧成奢侈品大亨,丈夫出轨后亮明身份收回整个帝国",,待核实,"DataEye 2026年8月海外短剧百强榜(统计8/1-8/31),白鲸出海转载 2026-09-08 baijing.cn/article/56622；DataEye周报8/3-8/9,白鲸出海 2026-08-13 /article/56347；DataEye周报8/17-8/23,白鲸出海 2026-09-02 /article/56556；DataEye周报8/31-9/6,白鲸出海 2026-09-14 /article/56680；DataEye周报9/7-9/13,白鲸出海 2026-09-20 /article/56760；DataEye 2026年8月海外AI剧百强榜(素材量),同上 2026-09-08；剧情据平台官网/剧集页检索 2026-09-26"
56,恩情未远,快手,待核实,家庭伦理,养父母与生父母争子，讲养育之恩大于血缘，靠善恶有报爽,,2026-08,头条号漫火烤鱼《八月短剧杀疯了》(自媒体) 2026-08-23
57,皇后驾到,腾讯/小程序,真人,古装,古装穿越,,2026-01,S3 2026-05-25；S2
58,炽热吸引,腾讯/小程序,真人,爱情/情感,科幻设定下的爱情,,2026-01,S3 2026-05-25；S2
59,妈妈，别回头，一直跑下去,腾讯/小程序,真人,复仇打脸,被拐囚禁十年的女博士逃出后，借未婚夫家族力量回村复仇救女,,2026-03,S17 DataEye 2026-04-06；S18
60,Silence! Boss Lady Speaks（安静！女老板发话了）,出海,AI仿真人,复仇打脸,"从非洲做慈善归来的隐世女继承人被前任一家当成穷光蛋羞辱,闪婚神秘CEO后身份逐步曝光",,≤2026-06(6月榜第87),"DataEye 2026年8月海外短剧百强榜(统计8/1-8/31),白鲸出海转载 2026-09-08 baijing.cn/article/56622；DataEye 2026年6月海外短剧百强榜,白鲸出海 2026-07-06 baijing.cn/article/55890；DataEye周报8/3-8/9,白鲸出海 2026-08-13 /article/56347；DataEye周报8/10-8/16,白鲸出海 2026-08-19 /article/56410；DataEye周报8/24-8/30,白鲸出海 2026-09-04 /article/56590；DataEye周报8/31-9/6,白鲸出海 2026-09-14 /article/56680；剧情据平台官网/剧集页检索 2026-09-26"
61,豪门月嫂，一不小心成了全家白月光,红果,真人,家庭伦理,月嫂进豪门，凭专业和善良被全家当宝,,待核实(2026上半年),中新网 2026-05-20 等报道(搜索摘要转引，原文待核实)
62,八零团宠：爹爹入赘我暴富,红果,待核实,年代,据剧名：八零年代团宠女娃，爹爹入赘后全家暴富,昙花一现,2026-07-13,短剧工程·红果热播周榜 2026-07-20
63,曼陀罗,红果,真人,爱情/情感,资本大佬与“小白兔”的病娇偏执拉扯,,2026-03,网易号《给2026年最好的短剧排名》2026-03-25
64,好雨知时节,红果,真人,爱情/情感,同遭伴侣背叛的两个陌生人相遇，互相救赎,越播越涨、周榜长线,2026-08-13/14,网易/新浪《好雨知时节》报道 2026-08；塔猴《2026年9月红果三大榜单TOP20》2026-09-08；短剧工程·红果热播周榜 2026-08-17；短剧工程·红果热播周榜 2026-09-21
65,新婚有瘾,红果,待核实,爱情/情感,暗恋成真的总裁婚恋,昙花一现,2026-07-03,塔猴《2026红果总榜TOP30》2026-07-13；短剧工程·红果热播周榜 2026-07-20
66,Horror Game: Seduce My Ghost Teacher or Die（恐怖游戏：攻略鬼老师否则死）,出海,AI仿真人,悬疑/无限流,"女主醒来困在校园恐怖游戏里,绑定""恋爱生存系统"",靠完成与幽灵教师的亲密任务保命",,待核实(7月末登顶),"DataEye 2026年8月海外短剧百强榜(统计8/1-8/31),白鲸出海转载 2026-09-08 baijing.cn/article/56622；DataEye周报7/27-8/2,白鲸出海 2026-08-10 /article/56299；DataEye周报8/24-8/30,白鲸出海 2026-09-04 /article/56590；DataEye周报8/31-9/6,白鲸出海 2026-09-14 /article/56680；DataEye周报9/7-9/13,白鲸出海 2026-09-20 /article/56760"
67,暗处,腾讯/小程序,真人,悬疑/无限流,双女主刑侦查案,,2026-01,S3 2026-05-25；S4
68,妻儿岂容轻辱,快手,待核实,战神/强者,战神归来护妻儿复仇，隐藏身份+武力碾压,,2026-08,头条号漫火烤鱼《八月短剧杀疯了》(自媒体) 2026-08-23
69,遮云,腾讯/小程序,真人,悬疑/无限流,没有明确金手指，靠悬疑反转,,2026Q1前,S2 2026-04-21
70,"LIES & LEGACY（谎言与遗产,印地语副题""一妻二夫""）",出海,真人,家庭伦理,"剧情待核实；副题为""一个妻子两个丈夫""",,≤2026-06(6月榜第32),"DataEye 2026年8月海外短剧百强榜(统计8/1-8/31),白鲸出海转载 2026-09-08 baijing.cn/article/56622；DataEye 2026年6月海外短剧百强榜,白鲸出海 2026-07-06 baijing.cn/article/55890；YouTube剧集页检索 2026-09-26"
71,海市蜃楼,腾讯/小程序,真人,年代,没有明确金手指，靠年代悬疑,,2026上半年前,S1 2026-07-06
72,携萌崽归来前夫别纠缠,快手,待核实,萌宝,女主带四胞胎萌宝回归，萌宝联手护母揭穿白莲(据站内切片标题),,2026-06前,塔猴《6月快手&抖音最新短剧周榜》(引DataEye周榜) 2026-06-17
73,红糖姜汁,红果,真人,爱情/情感,娃娃亲竹马多年默默守护，双向救赎,,2026-03,网易号《给2026年最好的短剧排名》2026-03-25
74,一家三口在同班,红果,真人,家庭伦理,父母穿回2005年，和学渣儿子成了同班同学,昙花一现,2026-03,网易号《给2026年最好的短剧排名》2026-03-25
75,Revenge Puck（复仇冰球）,出海,真人,爱情/情感,"没有金手指,靠和出轨前男友的死对头假恋爱,扰乱对方季后赛来报复",,2026(IMDb标注2026),"DataEye 2026年8月海外短剧百强榜(统计8/1-8/31),白鲸出海转载 2026-09-08 baijing.cn/article/56622；DataEye周报8/24-8/30,白鲸出海 2026-09-04 /article/56590；DataEye周报8/31-9/6,白鲸出海 2026-09-14 /article/56680；DataEye周报9/7-9/13,白鲸出海 2026-09-20 /article/56760；剧情据平台官网/剧集页检索 2026-09-26"
76,Tempest: The Last Mecha（暴风：最后的机甲）,出海,AI(形态未明),战神/强者,"隐姓埋名当清洁工的传奇机甲之王,因一场生死机甲对决重新驾驶""暴风""",,2026-08(DataEye标为8月新剧),"DataEye 2026年8月海外短剧百强榜(统计8/1-8/31),白鲸出海转载 2026-09-08 baijing.cn/article/56622；DataEye周报8/24-8/30,白鲸出海 2026-09-04 /article/56590；DataEye周报9/7-9/13,白鲸出海 2026-09-20 /article/56760；剧情据平台官网/剧集页检索 2026-09-26"
77,轮椅上的守护神,快手,真人,爱情/情感,轮椅霸总与清醒黑莲花先婚后爱，隐忍复仇+商战双线,,2025-12,二三里资讯《刘萧旭主演快手星芒短剧》2026-02-14
78,山野奶爸，大力士老爸带娃记,红果,AI漫剧,萌宝,大力士老爸在山野带娃,,待核实,腾讯新闻《拐点已至：AI漫剧流量超车》2026-07-18
79,THE BILLIONAIRE BEHIND BARS（铁窗后的亿万富翁）,出海,真人,复仇打脸,"为躲拜金女隐姓埋名的亿万富翁,被信任的女人背叛后,救下单亲妈妈母女,最终身份大揭晓",,2026(上半年),"DataEye 2026年8月海外短剧百强榜(统计8/1-8/31),白鲸出海转载 2026-09-08 baijing.cn/article/56622；DataEye 2026年6月海外短剧百强榜,白鲸出海 2026-07-06 baijing.cn/article/55890；DataEye 2026上半年海外短剧百强榜(1/1-6/30累计),白鲸出海 2026-07-15 baijing.cn/article/56006；DataEye周报9/7-9/13,白鲸出海 2026-09-20 /article/56760；kukutv.app剧集页 2026-09-26"
80,ENEMY,抖音,真人,悬疑/无限流,两个死对头被拉进中式恐怖无限流世界，被迫组队打BOSS,,2026-05五一前后爆火(首季上线时间待核实),新榜《8集超7.5亿播放，ENEMY给短剧圈又上了一课》2026-05-09 https://www.newrank.cn/article/detail/34340
81,撕婚,快手,真人,爱情/情感,插画师为救弟弟冒名契约婚嫁律政新贵，十年暗恋双向救赎,,2026-01~02,二三里资讯《刘萧旭主演快手星芒短剧》2026-02-14；快手星芒2026春节片单(腾讯新闻/头条转载) 2026-02-04；买购网《2026年快手十大热播短剧》综合指数 访问2026-09-26
82,LA VENGANZA ALZA EL VUELO（复仇起飞）,出海,真人,家庭伦理,"航班上被熊孩子一家刁难、又被诬陷成小三的女主,其实是新郎的亲妹妹",,待核实,"DataEye 2026年8月海外短剧百强榜(统计8/1-8/31),白鲸出海转载 2026-09-08 baijing.cn/article/56622；DataEye 2026年6月海外短剧百强榜,白鲸出海 2026-07-06 baijing.cn/article/55890；DataEye周报8/24-8/30,白鲸出海 2026-09-04 /article/56590；剧情据平台官网/剧集页检索 2026-09-26"
83,顾先生，搭个伙,抖音,真人,爱情/情感,据剧名推断：两人“搭伙过日子”式契约关系，先婚后爱(待核实),昙花一现,2026-06-08(据短剧工程上架日),塔猴转DataEye《6月快手&抖音短剧周榜》抖音TOP30(6月某周，具体周次原文未写)，2026-06 https://www.tahou.com/article/209247058000738309；买购网《2026年抖音十大热播短剧》(按抖音内播放/互动综合排序，更新2026-09-21) https://www.maigoo.com/top/447009.html
84,SSS-Rank: The Slum-Born Thunder God（SSS级：贫民窟出身的雷神）,出海,AI仿真人,修仙玄幻,"觉醒被判失败的贫民窟少年,暗藏传说级SSS雷神之力,在觉醒者选拔赛上亮底牌",,待核实,"DataEye 2026年8月海外短剧百强榜(统计8/1-8/31),白鲸出海转载 2026-09-08 baijing.cn/article/56622；DataEye周报8/24-8/30,白鲸出海 2026-09-04 /article/56590；DataEye周报8/31-9/6,白鲸出海 2026-09-14 /article/56680；DataEye周报9/7-9/13,白鲸出海 2026-09-20 /article/56760；DataEye 2026年8月海外AI剧百强榜(素材量),同上 2026-09-08；剧情据平台官网/剧集页检索 2026-09-26"
85,隐世强者归乡：孝善为本怒惩世间…(全名待核实),快手,待核实,修仙玄幻,隐世强者回乡以孝善为名惩恶(据剧名推断),,2026-06,塔猴《6月快手&抖音最新短剧周榜》(引DataEye周榜) 2026-06-17
86,消失的凶手,腾讯/小程序,真人,悬疑/无限流,没有明确金手指，靠推理,,2026上半年前,S1 2026-07-06
87,野火燎原,红果,真人,都市逆袭/职场,都市爱情(细节待核实),昙花一现,2026-07-11,腾讯新闻《拐点已至：AI漫剧流量超车》2026-07-18；短剧工程·红果热播周榜 2026-07-20
88,JHUKEGA NAHI SALA（绝不低头）,出海,真人,都市逆袭/职场,"隐藏身份开出租车的富家继承人,追查母亲死因,一路和黑帮、商人正面冲突",,2026(上半年),"DataEye 2026年8月海外短剧百强榜(统计8/1-8/31),白鲸出海转载 2026-09-08 baijing.cn/article/56622；DataEye 2026年6月海外短剧百强榜,白鲸出海 2026-07-06 baijing.cn/article/55890；DataEye 2026上半年海外短剧百强榜(1/1-6/30累计),白鲸出海 2026-07-15 baijing.cn/article/56006；DataEye周报8/24-8/30,白鲸出海 2026-09-04 /article/56590；DataEye周报8/31-9/6,白鲸出海 2026-09-14 /article/56680；kukutv.app剧集页 2026-09-26"
89,京婚浓瘾,红果,真人,爱情/情感,京圈大佬对自卑秘书的爹系宠溺,长青,2026-03,网易号《给2026年最好的短剧排名》2026-03-25
90,万福金安,腾讯/小程序,真人,古装,古装（待核实）,,2026上半年,S3 2026-05-25
91,这杯咖啡，你喝不起,快手,待核实,爱情/情感,待核实(剧名显示身份反差打脸),,2026-06前,塔猴《6月快手&抖音最新短剧周榜》(引DataEye周榜) 2026-06-17
92,天降小财神，带我成为富贵花,腾讯/小程序,待核实,都市逆袭/职场,萌宝带来财运让女主翻身（据剧名推断，待核实）,,2026-03前后,S17 2026-04-06
93,装穷回家，亲戚悔青肠子,红果,AI漫剧,复仇打脸,有钱人装穷回老家，势利亲戚后悔,,待核实(2026-06),塔猴《2026年7月红果三大榜单TOP20》2026-07-03；塔猴《2026红果总榜TOP30》2026-07-13
94,Sex Education By My Best Friend（闺蜜给我上的性教育课）,出海,待核实,爱情/情感,"没有金手指,靠禁忌、暧昧情感张力(据剧名推断,待核实)",,≤2026-06(6月榜第34),"DataEye 2026年8月海外短剧百强榜(统计8/1-8/31),白鲸出海转载 2026-09-08 baijing.cn/article/56622；DataEye 2026年6月海外短剧百强榜,白鲸出海 2026-07-06 baijing.cn/article/55890"
95,别闹！我的钟秘书,红果,真人,爱情/情感,社畜女秘书意外怀孕，与守边界的霸总先婚后爱,越播越涨,2026-08-03,短剧工程·红果热播周榜 2026-08-17
96,大厨小婿,腾讯/小程序,真人,家庭伦理,赘婿靠厨艺翻身（据剧名推断，待核实）,,2026上半年前,S1 2026-07-06
97,锦月令,腾讯/小程序,真人,古装,古装（待核实）,,2026Q1前,S2 2026-04-21
98,The Great and Powerful Genie（伟大全能的灯神）,出海,待核实,修仙玄幻,"神灯精灵以最后一个愿望换自由,条件是化身凡人入赘五年,暗中把妻子扶成CEO",,待核实,"DataEye 2026年8月海外短剧百强榜(统计8/1-8/31),白鲸出海转载 2026-09-08 baijing.cn/article/56622；DataEye周报8/24-8/30,白鲸出海 2026-09-04 /article/56590；DataEye周报8/31-9/6,白鲸出海 2026-09-14 /article/56680；DataEye周报9/7-9/13,白鲸出海 2026-09-20 /article/56760；剧情据平台官网/剧集页检索 2026-09-26"
99,晏晏总角时时安,快手、抖音,待核实,古装,待核实,,2026-06,塔猴《6月快手&抖音最新短剧周榜》(引DataEye周榜) 2026-06-17
100,The Rage of A Sniper Hero（狙击英雄之怒）,出海,AI仿真人,战神/强者,"人人以为是流浪醉汉的男主,其实是传奇狙击手""Bullseye"",借假结婚护卫总统千金反恐",,2026-07(剧集页),"DataEye 2026年8月海外短剧百强榜(统计8/1-8/31),白鲸出海转载 2026-09-08 baijing.cn/article/56622；DataEye周报8/24-8/30,白鲸出海 2026-09-04 /article/56590；DataEye周报9/7-9/13,白鲸出海 2026-09-20 /article/56760；DataEye 2026年8月海外AI剧百强榜(素材量),同上 2026-09-08；剧情据平台官网/剧集页检索 2026-09-26"
